video,frame,Nose_x,Nose_y,Nose_s,LShoulder_x,LShoulder_y,LShoulder_s,RShoulder_x,RShoulder_y,RShoulder_s,LElbow_x,LElbow_y,LElbow_s,RElbow_x,RElbow_y,RElbow_s,LWrist_x,LWrist_y,LWrist_s,RWrist_x,RWrist_y,RWrist_s,LHip_x,LHip_y,LHip_s,RHip_x,RHip_y,RHip_s,LKnee_x,LKnee_y,LKnee_s,RKnee_x,RKnee_y,RKnee_s,LAnkle_x,LAnkle_y,LAnkle_s,RAnkle_x,RAnkle_y,RAnkle_s,label
softballtrain.mp4,1,0.4867812395095825,0.40662965178489685,0.8436009287834167,0.5131875276565552,0.4441852271556854,0.5678449273109436,0.4630156457424164,0.4488796293735504,0.683098554611206,0.5026249885559082,0.5521574020385742,0.22053134441375732,0.4524531364440918,0.5333796143531799,0.7613732218742371,0.4762187600135803,0.5568518042564392,0.20080378651618958,0.4709375202655792,0.5568518042564392,0.5928617715835571,0.49998438358306885,0.5944074392318726,0.28815314173698425,0.4762187600135803,0.585018515586853,0.3765071630477905,0.4524531364440918,0.5756296515464783,0.5553687214851379,0.4418906271457672,0.5803240537643433,0.33717402815818787,0.4577344059944153,0.6554352045059204,0.7247299551963806,0.44453126192092896,0.6460463404655457,0.7797931432723999,1
softballtrain.mp4,2,0.48682814836502075,0.40586113929748535,0.8556026220321655,0.5133125185966492,0.4482361376285553,0.5662949085235596,0.46299219131469727,0.45294445753097534,0.6856822967529297,0.5027187466621399,0.5518194437026978,0.21509546041488647,0.452398419380188,0.5329861044883728,0.7318227291107178,0.5080156326293945,0.5235694646835327,0.18705157935619354,0.47358593344688416,0.5612362027168274,0.6048578023910522,0.5027187466621399,0.5894861817359924,0.2741924226284027,0.4762343764305115,0.5894861817359924,0.37390968203544617,0.452398419380188,0.5753611922264099,0.5635350346565247,0.4391562342643738,0.5800694823265076,0.3355102241039276,0.457695335149765,0.6554027795791626,0.712094783782959,0.44710156321525574,0.6506944894790649,0.7279292941093445,1
softballtrain.mp4,3,0.48669272661209106,0.41094908118247986,0.8218591809272766,0.5146223902702332,0.4470601975917816,0.5618149042129517,0.46384114027023315,0.45157408714294434,0.7030080556869507,0.5019270777702332,0.5553935170173645,0.1637462079524994,0.45368489623069763,0.5328240990638733,0.7435922026634216,0.5095442533493042,0.5328240990638733,0.22360943257808685,0.4714583456516266,0.5553935170173645,0.6566966772079468,0.50446617603302,0.5915046334266663,0.29808059334754944,0.47653645277023315,0.5915046334266663,0.3703221082687378,0.45368489623069763,0.5734490752220154,0.5768592953681946,0.44098958373069763,0.5779629945755005,0.4309869408607483,0.4587630331516266,0.6546990871429443,0.6417801380157471,0.4435286521911621,0.6456713080406189,0.6160930395126343,1
softballtrain.mp4,4,0.4010546803474426,0.34602776169776917,0.6862988471984863,0.3524687588214874,0.3940138518810272,0.8387038111686707,0.40645310282707214,0.37481942772865295,0.7069927453994751,0.31467968225479126,0.5187777280807495,0.7019391655921936,0.41725003719329834,0.37481942772865295,0.7847955822944641,0.35786721110343933,0.5379721522331238,0.6464763879776001,0.40645310282707214,0.34602776169776917,0.519351601600647,0.3524687588214874,0.528374969959259,0.7158997058868408,0.3956562280654907,0.5187777280807495,0.6911972165107727,0.35786721110343933,0.7203194499015808,0.8157321214675903,0.41725003719329834,0.7011250257492065,0.9056494235992432,0.36326563358306885,0.883472204208374,0.8966870903968811,0.40645310282707214,0.8642777800559998,0.8598297238349915,1
softballtrain.mp4,5,0.40563803911209106,0.3175000250339508,0.5796314477920532,0.355364590883255,0.39694446325302124,0.7847076058387756,0.4112239480018616,0.3671528100967407,0.7832452654838562,0.3162630498409271,0.5260416865348816,0.745780885219574,0.4112239480018616,0.35722222924232483,0.6335921883583069,0.355364590883255,0.5459027886390686,0.6220780611038208,0.38888019323349,0.3373611271381378,0.66607266664505,0.355364590883255,0.5359722375869751,0.7498544454574585,0.3944661319255829,0.5359722375869751,0.6867969036102295,0.3609504997730255,0.7246527671813965,0.8103792667388916,0.42239582538604736,0.7047916650772095,0.8672695755958557,0.3609504997730255,0.8835417032241821,0.9195382595062256,0.4112239480018616,0.8537499904632568,0.8685179352760315,1
softballtrain.mp4,6,0.40718749165534973,0.31105557084083557,0.7127309441566467,0.3503125309944153,0.41216668486595154,0.768526017665863,0.4128750264644623,0.3717222511768341,0.7340310215950012,0.3218750059604645,0.5132778286933899,0.8757364153862,0.40718749165534973,0.351500004529953,0.6877027153968811,0.3616875112056732,0.5335000157356262,0.6657225489616394,0.40150001645088196,0.3211666941642761,0.5974379777908325,0.35599997639656067,0.5436111688613892,0.7822433710098267,0.3958125114440918,0.5335000157356262,0.6982327103614807,0.3616875112056732,0.72561115026474,0.828525722026825,0.41856250166893005,0.7053889632225037,0.8861494064331055,0.3616875112056732,0.8873889446258545,0.8830649852752686,0.40718749165534973,0.8570556044578552,0.9173438549041748,1
softballtrain.mp4,7,0.40574997663497925,0.3188703656196594,0.9020994901657104,0.3543749749660492,0.40005555748939514,0.7790177464485168,0.40574997663497925,0.3493148386478424,0.7110527753829956,0.320125013589859,0.5116851925849915,0.8969480991363525,0.4114583432674408,0.33916664123535156,0.6529489755630493,0.36008337140083313,0.5218333601951599,0.701261043548584,0.41716668009757996,0.3290185332298279,0.6842153668403625,0.36008337140083313,0.542129635810852,0.7850155830383301,0.4000416696071625,0.5319814682006836,0.7128089666366577,0.3714999854564667,0.7247962951660156,0.8270744681358337,0.41716668009757996,0.7146481275558472,0.9015374779701233,0.36008337140083313,0.8770185112953186,0.8421194553375244,0.40574997663497925,0.8668703436851501,0.8987286686897278,1
softballtrain.mp4,8,0.4023815393447876,0.3291712999343872,0.8329716324806213,0.3510182499885559,0.40019214153289795,0.817950427532196,0.4023815393447876,0.35960879921913147,0.8679292798042297,0.3281901180744171,0.5016505122184753,0.8846381306648254,0.4137955605983734,0.3697546422481537,0.7370474338531494,0.3681393265724182,0.5219420790672302,0.7488943338394165,0.4309166967868805,0.35960879921913147,0.6791242361068726,0.35672527551651,0.5422337651252747,0.7367076873779297,0.3966745138168335,0.5219420790672302,0.6777977347373962,0.3795533776283264,0.7350046038627625,0.8301172852516174,0.4195026159286499,0.7248587608337402,0.8755732178688049,0.3681393265724182,0.8364629149436951,0.8161600828170776,0.4080885648727417,0.8669004440307617,0.9029937386512756,1
softballtrain.mp4,9,0.404584676027298,0.3132094740867615,0.7925730347633362,0.35278189182281494,0.38483795523643494,0.8567448258399963,0.404584676027298,0.354140043258667,0.7763355374336243,0.3355143368244171,0.4973970055580139,0.951746940612793,0.41609635949134827,0.38483795523643494,0.8589254021644592,0.36429363489151,0.5178622007369995,0.6289197206497192,0.439119815826416,0.4155358672142029,0.8745973706245422,0.3585377633571625,0.5485602021217346,0.7024035453796387,0.39882880449295044,0.5280948877334595,0.7080894708633423,0.38731706142425537,0.7327476739883423,0.7966434955596924,0.4218522012233734,0.7225150465965271,0.792030930519104,0.37004950642585754,0.8043761849403381,0.775884747505188,0.4103405177593231,0.8555393218994141,0.8586451411247253,1
softballtrain.mp4,10,0.3972838521003723,0.3073194622993469,0.7850778102874756,0.3453229069709778,0.38943058252334595,0.8905332684516907,0.4088307321071625,0.3586389124393463,0.8327956795692444,0.32800257205963135,0.49206945300102234,0.9660983085632324,0.4261510670185089,0.44075003266334534,0.9102159142494202,0.36264321208000183,0.5125972628593445,0.7325623035430908,0.44924479722976685,0.49206945300102234,0.8730538487434387,0.35686978697776794,0.5433889031410217,0.6674978137016296,0.4030572772026062,0.533125102519989,0.6905481219291687,0.38573697209358215,0.7178750038146973,0.8289758563041687,0.42037761211395264,0.7178750038146973,0.8535879254341125,0.3741901218891144,0.7999861836433411,0.7458093762397766,0.4088307321071625,0.8513056635856628,0.8697507977485657,1
softballtrain.mp4,11,0.39359375834465027,0.31228935718536377,0.794430136680603,0.3467864692211151,0.37469905614852905,0.9194545149803162,0.41114649176597595,0.36429744958877563,0.8915402293205261,0.31753191351890564,0.48911693692207336,0.9230682849884033,0.42284831404685974,0.45791202783584595,0.8753253221511841,0.3584882915019989,0.4995185434818268,0.8233399391174316,0.4462519586086273,0.5411249995231628,0.8147429823875427,0.3584882915019989,0.5411249995231628,0.6750832796096802,0.39944466948509216,0.5307233333587646,0.6669509410858154,0.3877428472042084,0.6971493363380432,0.8695232272148132,0.42284831404685974,0.7179526090621948,0.8409221768379211,0.3818919062614441,0.7907639145851135,0.7955248951911926,0.41114649176597595,0.8531736135482788,0.82925945520401,1
softballtrain.mp4,12,0.3975572884082794,0.3006620407104492,0.7644753456115723,0.3399792015552521,0.37231481075286865,0.903259813785553,0.41483074426651,0.37231481075286865,0.8646233677864075,0.311190128326416,0.4644398093223572,0.9295625686645508,0.4263463616371155,0.48491206765174866,0.804731011390686,0.35149481892585754,0.48491206765174866,0.8730499744415283,0.4493775963783264,0.587273120880127,0.7650135159492493,0.3572525978088379,0.5463286638259888,0.6842942833900452,0.3975572884082794,0.5463286638259888,0.7208988070487976,0.3917995095252991,0.6691619753837585,0.7770108580589294,0.4263463616371155,0.7101064324378967,0.8081313967704773,0.38604167103767395,0.7919953465461731,0.8416910767555237,0.41483074426651,0.8431759476661682,0.8781371712684631,1
softballtrain.mp4,13,0.39453646540641785,0.3060879409313202,0.6629975438117981,0.33773958683013916,0.35657408833503723,0.9035680294036865,0.4115755259990692,0.36667126417160034,0.857088029384613,0.3036614656448364,0.43735185265541077,0.9370351433753967,0.4286145865917206,0.49793514609336853,0.8759738802909851,0.34909895062446594,0.44744905829429626,0.8088887929916382,0.44565361738204956,0.6090046763420105,0.823529064655304,0.3604583442211151,0.5484212636947632,0.7360361218452454,0.40021613240242004,0.5484212636947632,0.6814193725585938,0.38885679841041565,0.6291990280151367,0.6314938068389893,0.422934889793396,0.7099767923355103,0.8053855299949646,0.39453646540641785,0.7705601453781128,0.8459456562995911,0.4115755259990692,0.8412407040596008,0.8661255240440369,1
softballtrain.mp4,14,0.39358335733413696,0.2941666841506958,0.6374092102050781,0.3412708342075348,0.34583333134651184,0.8939739465713501,0.41102081537246704,0.36650004982948303,0.851047933101654,0.3005833327770233,0.40783336758613586,0.8897310495376587,0.4226458668708801,0.4801666736602783,0.8032427430152893,0.3412708342075348,0.40783336758613586,0.6823631525039673,0.4400833547115326,0.5835000276565552,0.7191222906112671,0.35870835185050964,0.5525000095367432,0.7130787372589111,0.3993958532810211,0.5421667695045471,0.6910198926925659,0.3877708315849304,0.624833345413208,0.5670996308326721,0.4226458668708801,0.7075000405311584,0.7943291664123535,0.3993958532810211,0.7591667175292969,0.6750456690788269,0.41102081537246704,0.8418333530426025,0.8462362885475159,1
softballtrain.mp4,15,0.3869999945163727,0.2888426184654236,0.6277176737785339,0.3383750021457672,0.3428703546524048,0.9040698409080505,0.40523436665534973,0.3536759614944458,0.877879798412323,0.2958281338214874,0.3752870261669159,0.9108850955963135,0.4234687387943268,0.42931485176086426,0.8681085109710693,0.3140625059604645,0.36448150873184204,0.46633216738700867,0.4234687387943268,0.515759289264679,0.7392736673355103,0.35660937428474426,0.5373703837394714,0.7257234454154968,0.39915624260902405,0.5373703837394714,0.7146525382995605,0.3869999945163727,0.6346204280853271,0.6449707746505737,0.4173906445503235,0.7102593183517456,0.7672334909439087,0.40523436665534973,0.7534815073013306,0.5529448986053467,0.4113125205039978,0.8291204571723938,0.8740655779838562,1
softballtrain.mp4,16,0.49161460995674133,0.41393521428108215,0.8096373081207275,0.51583331823349,0.4526852071285248,0.48575401306152344,0.46497395634651184,0.4526852071285248,0.6507874727249146,0.5013020634651184,0.5431018471717834,0.26078471541404724,0.4552864730358124,0.5387963056564331,0.7553732991218567,0.5061458349227905,0.5301852226257324,0.2196296751499176,0.4746614694595337,0.5603240728378296,0.5665103793144226,0.5037239789962769,0.5947685241699219,0.27780577540397644,0.47708332538604736,0.5904629826545715,0.32648614048957825,0.4552864730358124,0.5775462985038757,0.16951949894428253,0.45044273138046265,0.5775462985038757,0.45905694365501404,0.46497395634651184,0.655046284198761,0.49113163352012634,0.45044273138046265,0.6464352011680603,0.43342968821525574,1
softballtrain.mp4,17,0.3917499780654907,0.28643056750297546,0.7350377440452576,0.3431640565395355,0.35361114144325256,0.8899322152137756,0.40254685282707214,0.35361114144325256,0.8644546866416931,0.31077343225479126,0.34401386976242065,0.9207378029823303,0.41874220967292786,0.3344166576862335,0.7795677781105042,0.3323671519756317,0.2960277795791626,0.9196237921714783,0.41874220967292786,0.28643056750297546,0.6168897747993469,0.35935938358306885,0.5551527738571167,0.7212671637535095,0.3917499780654907,0.5551527738571167,0.7287626266479492,0.3809531331062317,0.6607222557067871,0.6258353590965271,0.41334378719329834,0.6991111040115356,0.8161301016807556,0.3863515555858612,0.7087082862854004,0.6345878839492798,0.3971484303474426,0.8238749504089355,0.9190069437026978,1
softballtrain.mp4,18,0.39412763714790344,0.2887916564941406,0.8211150765419006,0.34744012355804443,0.36141666769981384,0.8243522047996521,0.39412763714790344,0.35104167461395264,0.8380353450775146,0.32409635186195374,0.34066668152809143,0.8620342016220093,0.41747134923934937,0.2887916564941406,0.8822622299194336,0.31826040148735046,0.2680416703224182,0.8936877846717834,0.41747134923934937,0.2057916522026062,0.8335232734680176,0.3591119647026062,0.5481666922569275,0.7197773456573486,0.38829168677330017,0.5585417151451111,0.7705839276313782,0.376619815826416,0.6622917056083679,0.7202858924865723,0.41747134923934937,0.7245416641235352,0.8449059128761292,0.376619815826416,0.7141666412353516,0.7434281706809998,0.39412763714790344,0.8075416684150696,0.8469036817550659,1
softballtrain.mp4,19,0.35348957777023315,0.2819259464740753,0.3708685040473938,0.35348957777023315,0.36948150396347046,0.8399988412857056,0.39658334851264954,0.36948150396347046,0.7117041945457458,0.3227083086967468,0.34759262204170227,0.8194675445556641,0.41505205631256104,0.24909260869026184,0.8103690147399902,0.2980833351612091,0.2819259464740753,0.8625480532646179,0.42120835185050964,0.13964813947677612,0.8695919513702393,0.359645813703537,0.5664815306663513,0.7238537669181824,0.3842708170413971,0.5774259567260742,0.8014172911643982,0.37811461091041565,0.6540370583534241,0.887163519859314,0.42120835185050964,0.7415926456451416,0.8686767220497131,0.37195831537246704,0.7634815573692322,0.9163830876350403,0.37811461091041565,0.8072593212127686,0.8727234601974487,1
softballtrain.mp4,20,0.3971041738986969,0.31398147344589233,0.6832689642906189,0.35461196303367615,0.37873145937919617,0.8826690912246704,0.3849635124206543,0.3679398000240326,0.7162564992904663,0.3121197819709778,0.3679398000240326,0.9598073363304138,0.403174489736557,0.27081483602523804,0.8715448975563049,0.28783851861953735,0.31398147344589233,0.9235303401947021,0.42138540744781494,0.1736898124217987,0.8114475607872009,0.36068230867385864,0.5729814171791077,0.70450359582901,0.3849635124206543,0.583773136138916,0.7717028260231018,0.3788931965827942,0.6916897892951965,0.5893825888633728,0.40924474596977234,0.756439745426178,0.7966179251670837,0.36675259470939636,0.8427730798721313,0.5228763222694397,0.36675259470939636,0.8103981018066406,0.8553940653800964,1
softballtrain.mp4,21,0.49022915959358215,0.4081851840019226,0.8619003891944885,0.5116041898727417,0.4461852014064789,0.6244552731513977,0.4635104238986969,0.45568519830703735,0.6884155869483948,0.527635395526886,0.49368518590927124,0.32877883315086365,0.45282289385795593,0.5316852331161499,0.7322153449058533,0.5062604546546936,0.5174351930618286,0.5062472224235535,0.47152605652809143,0.5554352402687073,0.5813015103340149,0.5062604546546936,0.5886852145195007,0.3288751244544983,0.4741979241371155,0.5886852145195007,0.45487701892852783,0.45549479126930237,0.5791851878166199,0.11787761002779007,0.44747915863990784,0.5744351744651794,0.45305493474006653,0.46083852648735046,0.6599352359771729,0.6588069200515747,0.44747915863990784,0.650435209274292,0.7699366807937622,1
softballtrain.mp4,22,0.4054322838783264,0.3289259672164917,0.9560153484344482,0.349651038646698,0.3983426094055176,0.8547523021697998,0.39427605271339417,0.3983426094055176,0.7774778604507446,0.30502602458000183,0.44792595505714417,0.8814711570739746,0.39427605271339417,0.457842618227005,0.7268995046615601,0.26597917079925537,0.4380092918872833,0.8881377577781677,0.4054322838783264,0.5173426270484924,0.6235591769218445,0.349651038646698,0.5966759324073792,0.6613209247589111,0.39427605271339417,0.5966759324073792,0.6416465640068054,0.3719635307788849,0.7255926728248596,0.7551948428153992,0.38869792222976685,0.765259325504303,0.7043491005897522,0.3775416314601898,0.8545092940330505,0.9614151120185852,0.33849477767944336,0.8445926904678345,0.8079500198364258,1
softballtrain.mp4,23,0.40349218249320984,0.33274999260902405,0.8626330494880676,0.3544844090938568,0.4005138874053955,0.8707370758056641,0.39260154962539673,0.41987499594688416,0.8589629530906677,0.305476576089859,0.4876388609409332,0.8661106824874878,0.38715627789497375,0.5263611674308777,0.8860799074172974,0.2728046774864197,0.49731943011283875,0.9103329181671143,0.39260154962539673,0.6231666207313538,0.7845848202705383,0.3490390479564667,0.594124972820282,0.6756815314292908,0.3817109167575836,0.6038054823875427,0.6575867533683777,0.3708203434944153,0.7393333315849304,0.6098148226737976,0.3708203434944153,0.7683749794960022,0.7764448523521423,0.37626561522483826,0.8458194136619568,0.9120072722434998,0.32725781202316284,0.8458194136619568,0.7927740812301636,1
softballtrain.mp4,24,0.40043750405311584,0.33753702044487,0.8036363124847412,0.3479374945163727,0.42153701186180115,0.8859435319900513,0.41093745827674866,0.42153701186180115,0.8374453783035278,0.3164375126361847,0.5148703455924988,0.7907421588897705,0.40568748116493225,0.5428703427314758,0.8528047800064087,0.3006874918937683,0.5708703398704529,0.7652929425239563,0.41093745827674866,0.6362037658691406,0.794074535369873,0.3479374945163727,0.580203652381897,0.6921244859695435,0.37943747639656067,0.5988703370094299,0.744769811630249,0.36893752217292786,0.7295370101928711,0.7038020491600037,0.3636874854564667,0.7482036352157593,0.7582569122314453,0.37418749928474426,0.8415369987487793,0.9036210775375366,0.3164375126361847,0.8322036862373352,0.8612462878227234,1
softballtrain.mp4,25,0.48903125524520874,0.40776389837265015,0.8320911526679993,0.5120234489440918,0.4486388862133026,0.601434051990509,0.4609297215938568,0.4577222466468811,0.7135916948318481,0.5273515582084656,0.4940555691719055,0.23248732089996338,0.45326563715934753,0.539472222328186,0.7236581444740295,0.5069140791893005,0.5076805353164673,0.4972478151321411,0.4762578308582306,0.5485555529594421,0.22505803406238556,0.5069140791893005,0.5803472399711609,0.314369797706604,0.4737031161785126,0.5803472399711609,0.38546982407569885,0.47114846110343933,0.5440138578414917,0.07027672231197357,0.4558202922344208,0.5621805191040039,0.5151042938232422,0.46348437666893005,0.6575555205345154,0.6051592230796814,0.4481562674045563,0.648472249507904,0.591475248336792,1
softballtrain.mp4,26,0.3997708261013031,0.3251666724681854,0.6401451230049133,0.34852084517478943,0.3980555534362793,0.8705294728279114,0.4151458442211151,0.38894444704055786,0.8404930830001831,0.328020840883255,0.5164999961853027,0.8136796951293945,0.44077080488204956,0.5073888897895813,0.8540747761726379,0.328020840883255,0.5802778005599976,0.4650760889053345,0.4561458230018616,0.5347221493721008,0.6475100517272949,0.3331458270549774,0.5620555281639099,0.7396805286407471,0.37414586544036865,0.5802778005599976,0.7040613293647766,0.34852084517478943,0.7169444561004639,0.8044038414955139,0.34852084517478943,0.7260555028915405,0.8272263407707214,0.36902084946632385,0.8353888988494873,0.8259966969490051,0.30239585041999817,0.808055579662323,0.8477656841278076,1
softballtrain.mp4,27,0.39754170179367065,0.33161112666130066,0.5191235542297363,0.3473072946071625,0.4030555486679077,0.8687657713890076,0.417635440826416,0.39412498474121094,0.8582467436790466,0.32219013571739197,0.5102221965789795,0.7845722436904907,0.4377291798591614,0.5102221965789795,0.8855459690093994,0.32219013571739197,0.5727360844612122,0.46809372305870056,0.47289323806762695,0.5012916922569275,0.8567346334457397,0.33223697543144226,0.5548750162124634,0.7228240966796875,0.3674010634422302,0.5727360844612122,0.6833694577217102,0.3473072946071625,0.715624988079071,0.8566535115242004,0.34228387475013733,0.7334861755371094,0.8201141357421875,0.3623776137828827,0.8406528234481812,0.8625558614730835,0.2970729470252991,0.813861072063446,0.8798343539237976,1
softballtrain.mp4,28,0.4871719181537628,0.40517592430114746,0.816325843334198,0.41545310616493225,0.3966759145259857,0.45555779337882996,0.46326562762260437,0.4476759135723114,0.5014390349388123,0.4274062514305115,0.5114259719848633,0.15559497475624084,0.42979687452316284,0.5156759023666382,0.7452479600906372,0.43696877360343933,0.5114259719848633,0.1021476462483406,0.47043752670288086,0.4986759424209595,0.7206606268882751,0.5015156269073486,0.5836759209632874,0.38575077056884766,0.47043752670288086,0.5794258713722229,0.35914504528045654,0.5086874961853027,0.5964258909225464,0.27807366847991943,0.45131251215934753,0.575175940990448,0.4443732500076294,0.5110781192779541,0.6729258894920349,0.1057707890868187,0.45848438143730164,0.6559258699417114,0.5664762854576111,1
softballtrain.mp4,29,0.4857395887374878,0.41131484508514404,0.7677938938140869,0.5081692934036255,0.44675928354263306,0.5436429381370544,0.4134661555290222,0.39802315831184387,0.5028204917907715,0.41595834493637085,0.5176481604576111,0.6181552410125732,0.41595834493637085,0.5176481604576111,0.7659505605697632,0.4932161569595337,0.5087870955467224,0.40502241253852844,0.45334112644195557,0.5176481604576111,0.6240407228469849,0.5006927251815796,0.5796759128570557,0.5315074920654297,0.46829426288604736,0.5796759128570557,0.5797585248947144,0.5131536722183228,0.5929676294326782,0.3465760350227356,0.4483567774295807,0.5841065049171448,0.5240445137023926,0.5106614828109741,0.6682870984077454,0.15049435198307037,0.45832550525665283,0.6549954414367676,0.5334821939468384,1
softballtrain.mp4,30,0.3978098928928375,0.3462870717048645,0.6523293852806091,0.34289586544036865,0.399537056684494,0.9069151878356934,0.4077942967414856,0.40841206908226013,0.8221306204795837,0.31793490052223206,0.5060371160507202,0.7685561776161194,0.4077942967414856,0.5237870216369629,0.9317278265953064,0.31793490052223206,0.5592871308326721,0.6098418831825256,0.43774741888046265,0.5415371060371399,0.9125677943229675,0.3229270577430725,0.5770370364189148,0.6687289476394653,0.3578723967075348,0.5859121084213257,0.7310811877250671,0.3678567707538605,0.6924120783805847,0.7815420627593994,0.34289586544036865,0.7456620335578918,0.7685539126396179,0.36286458373069763,0.8432871103286743,0.8770232796669006,0.3129427134990692,0.7989120483398438,0.9463843703269958,1
softballtrain.mp4,31,0.39603644609451294,0.34777313470840454,0.49560144543647766,0.34595832228660583,0.40118980407714844,0.900471568107605,0.4060520827770233,0.41899538040161133,0.8464853167533875,0.3159114420413971,0.5080231428146362,0.703920841217041,0.39603644609451294,0.5347314476966858,0.9013440012931824,0.3159114420413971,0.5436341762542725,0.44247734546661377,0.43609896302223206,0.5258286595344543,0.7194279432296753,0.3209192454814911,0.5703425407409668,0.6760621070861816,0.3509661555290222,0.5881481766700745,0.6758446097373962,0.3709973990917206,0.6949815154075623,0.7334192395210266,0.34595832228660583,0.757300853729248,0.7868836522102356,0.3659895956516266,0.8463286757469177,0.9041743874549866,0.3159114420413971,0.8107175827026367,0.814031720161438,1
softballtrain.mp4,32,0.4023098945617676,0.3421249985694885,0.6971608400344849,0.34034115076065063,0.40638887882232666,0.9140273928642273,0.4023098945617676,0.4247499704360962,0.8420656323432922,0.31452083587646484,0.5073750019073486,0.8343291878700256,0.3919817805290222,0.5349166989326477,0.8760981559753418,0.3248489797115326,0.562458336353302,0.42800378799438477,0.40747398138046265,0.5257360935211182,0.8727123737335205,0.31452083587646484,0.5808194279670715,0.7131221890449524,0.350669264793396,0.5900000333786011,0.7046239972114563,0.3713255226612091,0.6909860968589783,0.7036457061767578,0.3455052077770233,0.764430582523346,0.7347045540809631,0.36616143584251404,0.8470555543899536,0.8858497142791748,0.31452083587646484,0.8286944031715393,0.8223624229431152,1
softballtrain.mp4,33,0.40064844489097595,0.340800940990448,0.6458849906921387,0.3433281183242798,0.39638426899909973,0.8611868619918823,0.3954375088214874,0.41491201519966125,0.837343156337738,0.31206247210502625,0.49828699231147766,0.7586143016815186,0.3850156366825104,0.5260787010192871,0.8821662664413452,0.33290624618530273,0.5446064472198486,0.2952473759651184,0.3954375088214874,0.5631342530250549,0.8387196660041809,0.31206247210502625,0.5816620588302612,0.7010061144828796,0.3433281183242798,0.590925931930542,0.7098028659820557,0.3693828284740448,0.6928286552429199,0.7622385621070862,0.3485390543937683,0.7669398188591003,0.7378549575805664,0.3641718924045563,0.8503147959709167,0.8560950756072998,0.3068515360355377,0.8317869901657104,0.8126108050346375,1
softballtrain.mp4,34,0.39533331990242004,0.34603703022003174,0.5778840184211731,0.34205207228660583,0.39339813590049744,0.855811357498169,0.39533331990242004,0.4123425781726837,0.8372013568878174,0.3154114782810211,0.48812034726142883,0.7239798307418823,0.3793489634990692,0.5260092616081238,0.9009579420089722,0.33139583468437195,0.5449537038803101,0.2548657953739166,0.39533331990242004,0.5449537038803101,0.7700397968292236,0.3100833594799042,0.5828425884246826,0.6673200726509094,0.34205207228660583,0.5828425884246826,0.7345627546310425,0.3633646070957184,0.705981433391571,0.6965094804763794,0.3527083396911621,0.7533425688743591,0.69385826587677,0.3633646070957184,0.8480647802352905,0.828322172164917,0.2994270920753479,0.8385925889015198,0.8361971974372864,1
softballtrain.mp4,35,0.3917994797229767,0.34325000643730164,0.5926355719566345,0.3378151059150696,0.3912360966205597,0.8981660008430481,0.3917994797229767,0.41043058037757874,0.806029736995697,0.31622132658958435,0.4872083365917206,0.7726338505744934,0.37560415267944336,0.515999972820282,0.8141967058181763,0.3378151059150696,0.5351943969726562,0.24281685054302216,0.3864010274410248,0.5255971550941467,0.6803179383277893,0.31082290410995483,0.5639861226081848,0.6380372047424316,0.3378151059150696,0.5735833048820496,0.7411304712295532,0.348611980676651,0.727138876914978,0.6424713134765625,0.348611980676651,0.7463333010673523,0.6844998002052307,0.36480727791786194,0.8423055410385132,0.8560525178909302,0.2946276068687439,0.8423055410385132,0.8272227644920349,0
softballtrain.mp4,36,0.3905937373638153,0.3201296627521515,0.7072280049324036,0.3368437588214874,0.3774629831314087,0.886472225189209,0.3852187395095825,0.3965740501880646,0.826429545879364,0.3099687397480011,0.48257407546043396,0.8083564043045044,0.37446874380111694,0.5112407803535461,0.8739297389984131,0.32609373331069946,0.5303518772125244,0.3599434196949005,0.3959687352180481,0.48257407546043396,0.3615139126777649,0.3099687397480011,0.5590185523033142,0.6467556357383728,0.3422187566757202,0.568574070930481,0.7318741679191589,0.3422187566757202,0.7214630246162415,0.772223174571991,0.347593754529953,0.7405741214752197,0.7055668830871582,0.363718718290329,0.8456852436065674,0.8307598829269409,0.2992187440395355,0.8456852436065674,0.8306471109390259,0
softballtrain.mp4,37,0.3877291679382324,0.3213518559932709,0.7272315621376038,0.33397915959358215,0.37868520617485046,0.910686194896698,0.38235417008399963,0.3977963328361511,0.8198781609535217,0.3124791383743286,0.4742407202720642,0.8060061931610107,0.37160414457321167,0.502907395362854,0.8814196586608887,0.32860416173934937,0.522018551826477,0.3543097972869873,0.3931041359901428,0.4742407202720642,0.3555165231227875,0.3071041405200958,0.5602407455444336,0.6449645161628723,0.33935415744781494,0.5697963833808899,0.690967321395874,0.34472915530204773,0.7226852178573608,0.8478413224220276,0.3501041829586029,0.7322407960891724,0.7592067718505859,0.3608541488647461,0.83735191822052,0.8382223844528198,0.29635417461395264,0.8469074368476868,0.8778775930404663,0
softballtrain.mp4,38,0.38286980986595154,0.3149120807647705,0.8046855926513672,0.3282604217529297,0.37316206097602844,0.885136604309082,0.37740886211395264,0.3828703761100769,0.8355699181556702,0.31187760829925537,0.4605370759963989,0.7779960036277771,0.37194791436195374,0.49937036633491516,0.8897953629493713,0.3227995038032532,0.5090787410736084,0.3450629413127899,0.39925259351730347,0.4702453911304474,0.4391932189464569,0.30641666054725647,0.5576204061508179,0.6397318243980408,0.3391823172569275,0.5576204061508179,0.6980960369110107,0.3391823172569275,0.722662091255188,0.8537184000015259,0.3501041829586029,0.7323703765869141,0.760016679763794,0.36102601885795593,0.8391619920730591,0.855362057685852,0.29549482464790344,0.8488704562187195,0.8799892663955688,0
softballtrain.mp4,39,0.3827604353427887,0.3064814805984497,0.779910683631897,0.3257291913032532,0.36731481552124023,0.9165505170822144,0.377057284116745,0.3774537146091461,0.8745805621147156,0.30861979722976685,0.458564817905426,0.8009217381477356,0.36565104126930237,0.4991203546524048,0.8545843958854675,0.3314323127269745,0.5092592835426331,0.34818795323371887,0.39416664838790894,0.4687037169933319,0.3114294111728668,0.30861979722976685,0.5498148202896118,0.6706305742263794,0.3371354043483734,0.5599536895751953,0.6829009056091309,0.3428385853767395,0.7221759557723999,0.8337734937667847,0.3485416769981384,0.7323148250579834,0.8222448229789734,0.35994794964790344,0.8337036967277527,0.8475291132926941,0.2972135543823242,0.843842625617981,0.8752369284629822,0
softballtrain.mp4,40,0.3791614770889282,0.3001018464565277,0.7815361022949219,0.32205209136009216,0.3610185384750366,0.9227842092514038,0.3791614770889282,0.38132405281066895,0.8250071406364441,0.3049192726612091,0.452393501996994,0.7604487538337708,0.36773961782455444,0.4930046498775482,0.9538551568984985,0.33347398042678833,0.503157377243042,0.2691023051738739,0.3905833661556244,0.452393501996994,0.3775983154773712,0.3049192726612091,0.5437684655189514,0.6961258053779602,0.3391849100589752,0.5539212226867676,0.6872592568397522,0.3448958396911621,0.7163657546043396,0.8191775679588318,0.3448958396911621,0.726518452167511,0.8411919474601746,0.3563177287578583,0.8280462622642517,0.8360697627067566,0.2934974431991577,0.8483518958091736,0.8693361878395081,0
softballtrain.mp4,41,0.37639060616493225,0.29475000500679016,0.7024549245834351,0.3191250264644623,0.3558333218097687,0.8997042775154114,0.3706640601158142,0.36601394414901733,0.8281051516532898,0.3076719045639038,0.44745832681655884,0.708806037902832,0.3649374842643738,0.48818060755729675,0.955741822719574,0.3363046944141388,0.49836114048957825,0.24492184817790985,0.37639060616493225,0.467819482088089,0.30713558197021484,0.3076719045639038,0.5390833616256714,0.696417510509491,0.3363046944141388,0.5594444274902344,0.6810433864593506,0.3420312702655792,0.7121528387069702,0.8357716202735901,0.3420312702655792,0.7223333716392517,0.8522546291351318,0.3534843623638153,0.834319531917572,0.8489357233047485,0.29621875286102295,0.854680597782135,0.8543398380279541,0
softballtrain.mp4,42,0.3723229467868805,0.28655558824539185,0.7058000564575195,0.3214166760444641,0.3468888998031616,0.8560490608215332,0.3723229467868805,0.3569444417953491,0.8143157362937927,0.3044479191303253,0.44744446873664856,0.5993744134902954,0.36101043224334717,0.47761112451553345,0.8787904977798462,0.3044479191303253,0.3569444417953491,0.4421674907207489,0.38363543152809143,0.44744446873664856,0.3514001667499542,0.3044479191303253,0.537944495677948,0.6810115575790405,0.3383854329586029,0.5480000376701355,0.6658564209938049,0.3440416753292084,0.7088889479637146,0.7724018096923828,0.3440416753292084,0.7290000319480896,0.838281512260437,0.34969791769981384,0.8295555114746094,0.8109462261199951,0.2931354343891144,0.8496667146682739,0.8997330069541931,0
softballtrain.mp4,43,0.3765520751476288,0.2727592885494232,0.6727719306945801,0.3190521001815796,0.3443148136138916,0.8515665531158447,0.3708020746707916,0.35453706979751587,0.8137984275817871,0.3018020987510681,0.43631479144096375,0.546562910079956,0.36505207419395447,0.4772036373615265,0.8637071251869202,0.29605206847190857,0.37498146295547485,0.3358030617237091,0.38230210542678833,0.4465370178222656,0.4243178963661194,0.3075520694255829,0.5385369658470154,0.6822724342346191,0.33630210161209106,0.5487592220306396,0.6606771349906921,0.34205207228660583,0.7020925283432007,0.7942290306091309,0.34205207228660583,0.7225369215011597,0.807346761226654,0.35355207324028015,0.8349814414978027,0.8168268203735352,0.2903020977973938,0.8554258346557617,0.8460144996643066,0
softballtrain.mp4,44,0.3712291717529297,0.2753889262676239,0.6937577724456787,0.3196197748184204,0.34675005078315735,0.8655614852905273,0.3712291717529297,0.3569444417953491,0.8343077301979065,0.30241668224334717,0.38752779364585876,0.6732553839683533,0.3597604036331177,0.46908333897590637,0.8392216563224792,0.34255731105804443,0.44869446754455566,0.19276092946529388,0.3769635558128357,0.44869446754455566,0.46133026480674744,0.30241668224334717,0.5404444932937622,0.6863949298858643,0.3368229269981384,0.5404444932937622,0.6998468041419983,0.34255731105804443,0.7035555839538574,0.7912214398384094,0.34255731105804443,0.7137500047683716,0.7818155288696289,0.34829169511795044,0.8360833525657654,0.8384962677955627,0.29094791412353516,0.8462778329849243,0.8393416404724121,0
softballtrain.mp4,45,0.3734791874885559,0.2752407491207123,0.7410005927085876,0.3162916898727417,0.346407413482666,0.9160448908805847,0.3734791874885559,0.35657408833503723,0.8379347920417786,0.3048541843891144,0.4379073977470398,0.8394752144813538,0.3620416522026062,0.46840739250183105,0.8585331439971924,0.36776039004325867,0.45824071764945984,0.38625288009643555,0.3791979253292084,0.448074072599411,0.59511399269104,0.3048541843891144,0.5294073820114136,0.6995855569839478,0.33916667103767395,0.5395740866661072,0.7100154161453247,0.33916667103767395,0.7022407054901123,0.8216388821601868,0.33916667103767395,0.7225740551948547,0.820167601108551,0.35060417652130127,0.834407389163971,0.8436773419380188,0.2934166491031647,0.8445740938186646,0.8545540571212769,0
softballtrain.mp4,46,0.3722708523273468,0.26704633235931396,0.7826464176177979,0.3149270713329315,0.3384074568748474,0.9387094378471375,0.3722708523273468,0.34860190749168396,0.83538419008255,0.3034583032131195,0.43015745282173157,0.8715831637382507,0.3665364682674408,0.4607407748699188,0.8670598268508911,0.33786454796791077,0.470935195684433,0.3264283239841461,0.3780052065849304,0.4505463242530823,0.672605574131012,0.3034583032131195,0.5321018695831299,0.6697341203689575,0.33786454796791077,0.5321018695831299,0.6836462020874023,0.33786454796791077,0.705407440662384,0.8230380415916443,0.33786454796791077,0.7156018614768982,0.7978737354278564,0.3435989320278168,0.837935209274292,0.8297379612922668,0.2977239489555359,0.8481296896934509,0.8167937397956848,0
softballtrain.mp4,47,0.37222394347190857,0.2679120600223541,0.8866236805915833,0.3149583637714386,0.33917590975761414,0.9392657279968262,0.37222394347190857,0.33917590975761414,0.7981720566749573,0.3035052418708801,0.4308009445667267,0.8830053210258484,0.3664973974227905,0.4613426625728607,0.8946437835693359,0.3321380317211151,0.4715231955051422,0.36676469445228577,0.3779505491256714,0.45116204023361206,0.54586261510849,0.3035052418708801,0.5326064825057983,0.6600651741027832,0.33786457777023315,0.5326064825057983,0.6760961413383484,0.33786457777023315,0.7056759595870972,0.8319113254547119,0.3435911536216736,0.7158565521240234,0.8161765933036804,0.3435911536216736,0.8482037782669067,0.8692682385444641,0.2977786362171173,0.8482037782669067,0.8216415643692017,0
softballtrain.mp4,48,0.371869832277298,0.2659398019313812,0.7837445139884949,0.3147604167461395,0.3370092511177063,0.9172096252441406,0.371869832277298,0.3370092511177063,0.814327597618103,0.30333855748176575,0.4283842444419861,0.8847416639328003,0.3661588728427887,0.45884257555007935,0.9161992073059082,0.349026083946228,0.45884257555007935,0.35406163334846497,0.3775807321071625,0.4486898183822632,0.550990641117096,0.309049516916275,0.5197592973709106,0.6570393443107605,0.3376041650772095,0.5299120545387268,0.6668424606323242,0.3376041650772095,0.7025092840194702,0.8166074156761169,0.34331509470939636,0.7126620411872864,0.8049541711807251,0.34331509470939636,0.8446481823921204,0.8510299921035767,0.29762759804725647,0.8446481823921204,0.8226044178009033,0
softballtrain.mp4,49,0.36915361881256104,0.2712777554988861,0.7126259803771973,0.31705206632614136,0.33302775025367737,0.9414239525794983,0.36915361881256104,0.3433194160461426,0.839161217212677,0.29968488216400146,0.42565277218818665,0.8786231875419617,0.36915361881256104,0.4565277695655823,0.8814046382904053,0.3459973931312561,0.4565277695655823,0.4189743995666504,0.37494269013404846,0.43594440817832947,0.5095201134681702,0.3054739534854889,0.5285694003105164,0.6763282418251038,0.34020835161209106,0.5285694003105164,0.7100409865379333,0.34020835161209106,0.7035277485847473,0.8145120143890381,0.34020835161209106,0.7035277485847473,0.8264994025230408,0.3459973931312561,0.8476110696792603,0.8756512999534607,0.29968488216400146,0.8476110696792603,0.8124178647994995,0
softballtrain.mp4,50,0.37128907442092896,0.25776389241218567,0.7698317170143127,0.31862500309944153,0.3305833637714386,0.935714840888977,0.37128907442092896,0.34098613262176514,0.8641091585159302,0.30107030272483826,0.4242083728313446,0.905505359172821,0.36543750762939453,0.4554167091846466,0.9004706740379333,0.3361797034740448,0.4554167091846466,0.41957464814186096,0.3771406412124634,0.43461114168167114,0.631274938583374,0.3069218695163727,0.517833411693573,0.6733764410018921,0.3420312702655792,0.5282361507415771,0.7168257832527161,0.3420312702655792,0.6946806311607361,0.8024886846542358,0.3420312702655792,0.7050833702087402,0.7937484979629517,0.34788280725479126,0.8507223129272461,0.8485390543937683,0.30107030272483826,0.8403194546699524,0.8085953593254089,0
softballtrain.mp4,51,0.36981770396232605,0.26173150539398193,0.7823853492736816,0.3179270625114441,0.3334815204143524,0.9330059885978699,0.36981770396232605,0.3334815204143524,0.8244629502296448,0.30063021183013916,0.42573150992393494,0.8993775248527527,0.36981770396232605,0.45648154616355896,0.8827294707298279,0.3236927092075348,0.4667314887046814,0.4615289270877838,0.38134896755218506,0.446231484413147,0.7805162072181702,0.30639582872390747,0.5179815292358398,0.6711460947990417,0.3409895896911621,0.5179815292358398,0.6967898607254028,0.3409895896911621,0.6922315359115601,0.7862005233764648,0.3409895896911621,0.7024815082550049,0.7986961007118225,0.34675517678260803,0.8459815382957458,0.8772355318069458,0.30063021183013916,0.8459815382957458,0.8025223612785339,0
softballtrain.mp4,52,0.3698567748069763,0.2617917060852051,0.8098740577697754,0.3178958594799042,0.33363890647888184,0.9267639517784119,0.3698567748069763,0.33363890647888184,0.8578181266784668,0.3005755543708801,0.42601391673088074,0.9084714651107788,0.3698567748069763,0.4465416967868805,0.9142594933509827,0.3178958594799042,0.46706947684288025,0.4663958251476288,0.3814036250114441,0.4465416967868805,0.774645984172821,0.3121223747730255,0.5081250667572021,0.6886988878250122,0.3409895896911621,0.5183889269828796,0.6893514394760132,0.3409895896911621,0.6928749680519104,0.786998987197876,0.3409895896911621,0.6928749680519104,0.7964484095573425,0.346763014793396,0.846833348274231,0.8757861852645874,0.3005755543708801,0.8365694880485535,0.8168080449104309,0
softballtrain.mp4,53,0.37003907561302185,0.2625972032546997,0.7794694900512695,0.31821876764297485,0.324013888835907,0.9166786074638367,0.3757968842983246,0.33425000309944153,0.8459814786911011,0.30094531178474426,0.42637497186660767,0.8998507261276245,0.37003907561302185,0.44684723019599915,0.9196033477783203,0.31821876764297485,0.4570832848548889,0.5388976335525513,0.3815546929836273,0.44684723019599915,0.8268956542015076,0.31246092915534973,0.508263885974884,0.6902812123298645,0.3470078408718109,0.5184999704360962,0.6755419373512268,0.3412500023841858,0.6822777390480042,0.7898938059806824,0.3412500023841858,0.6925138831138611,0.8091781139373779,0.3470078408718109,0.8460555672645569,0.8691573739051819,0.30094531178474426,0.8358193635940552,0.8300105929374695,0
softballtrain.mp4,54,0.36927083134651184,0.2583889067173004,0.7790001034736633,0.31695833802223206,0.32038891315460205,0.928071916103363,0.375083327293396,0.33072224259376526,0.8519949316978455,0.2995208501815796,0.4237222373485565,0.8905541300773621,0.36927083134651184,0.4443889260292053,0.910608172416687,0.3227708637714386,0.45472225546836853,0.5444051027297974,0.38089582324028015,0.4443889260292053,0.8164392113685608,0.3111458122730255,0.5063889622688293,0.701994001865387,0.3460208475589752,0.5063889622688293,0.6991248726844788,0.34020835161209106,0.6820555925369263,0.8180651664733887,0.34020835161209106,0.6923889517784119,0.8195201754570007,0.3460208475589752,0.8473888635635376,0.8589569330215454,0.30533331632614136,0.826722264289856,0.8007455468177795,0
softballtrain.mp4,55,0.37024739384651184,0.25313428044319153,0.810692548751831,0.3175833523273468,0.32595372200012207,0.9426130652427673,0.37609899044036865,0.32595372200012207,0.8592032790184021,0.30002865195274353,0.41957876086235046,0.9106220602989197,0.37024739384651184,0.44038426876068115,0.8901036977767944,0.3175833523273468,0.4507870674133301,0.547393262386322,0.3819505274295807,0.44038426876068115,0.7998005151748657,0.3117317855358124,0.5028010010719299,0.7115583419799805,0.34684115648269653,0.5028010010719299,0.7091159224510193,0.3409895896911621,0.679648220539093,0.8079115152359009,0.3409895896911621,0.679648220539093,0.8123010993003845,0.34684115648269653,0.846092700958252,0.8537686467170715,0.30588018894195557,0.8252871632575989,0.8243468403816223,0
softballtrain.mp4,56,0.3698827922344208,0.2515231668949127,0.8174661993980408,0.31693747639656067,0.3247314989566803,0.9429172873497009,0.3757656514644623,0.3247314989566803,0.8704535961151123,0.2992890477180481,0.41885653138160706,0.8931836485862732,0.3757656514644623,0.43977317214012146,0.9136954545974731,0.3228203058242798,0.45023155212402344,0.5823438167572021,0.381648451089859,0.43977317214012146,0.7597760558128357,0.31105470657348633,0.5025231838226318,0.7006725668907166,0.3463515639305115,0.5025231838226318,0.7138037085533142,0.34046876430511475,0.6698565483093262,0.820976197719574,0.34046876430511475,0.680314838886261,0.831253170967102,0.3463515639305115,0.8476481437683105,0.8461520075798035,0.3051718771457672,0.8267315626144409,0.8286564946174622,0
softballtrain.mp4,57,0.3660103976726532,0.2481805831193924,0.7735068202018738,0.31857290863990784,0.3219722509384155,0.932894229888916,0.37786978483200073,0.3219722509384155,0.8723036050796509,0.30078384280204773,0.4273889362812042,0.920738160610199,0.37786978483200073,0.4379305839538574,0.8904991149902344,0.3245025873184204,0.4590139091014862,0.6403126120567322,0.3837994933128357,0.4379305839538574,0.7128747701644897,0.3126432001590729,0.49063897132873535,0.7002900838851929,0.3482213318347931,0.5011806488037109,0.7057695388793945,0.3422916531562805,0.6698471903800964,0.8454564213752747,0.3422916531562805,0.680388867855072,0.8269582986831665,0.3482213318347931,0.8385139107704163,0.8235753774642944,0.3067135214805603,0.8174305558204651,0.8675521612167358,0
softballtrain2.mp4,1,0.30295833945274353,0.4802916944026947,0.7347971200942993,0.26609116792678833,0.5041249990463257,0.8179352879524231,0.30630990862846375,0.5100833177566528,0.8455820679664612,0.24598178267478943,0.5517916679382324,0.6000329256057739,0.3197161555290222,0.5815833806991577,0.864001452922821,0.2426302284002304,0.593500018119812,0.4971381723880768,0.30295833945274353,0.6292500495910645,0.7859697341918945,0.25268492102622986,0.5994583964347839,0.652820885181427,0.28284895420074463,0.5994583964347839,0.6986105442047119,0.2593880295753479,0.7186250686645508,0.7894601821899414,0.2929036319255829,0.7245833873748779,0.7316523194313049,0.2593880295753479,0.8318334221839905,0.8062122464179993,0.2996067702770233,0.8258749842643738,0.8220806121826172,2
softballtrain2.mp4,2,0.30609896779060364,0.48019441962242126,0.7375314235687256,0.2661614716053009,0.5038610696792603,0.8240322470664978,0.30609896779060364,0.5097777843475342,0.838465690612793,0.24286457896232605,0.5748611688613892,0.678438663482666,0.3227396011352539,0.5748611688613892,0.8782556653022766,0.2528489828109741,0.6044444441795349,0.5822331309318542,0.30609896779060364,0.6221944689750671,0.7705228328704834,0.25617706775665283,0.5926111340522766,0.6461803913116455,0.28613021969795227,0.598527729511261,0.6837168335914612,0.2595052123069763,0.7168611288070679,0.7932352423667908,0.29611456394195557,0.7168611288070679,0.73190838098526,0.2595052123069763,0.8351944088935852,0.803097665309906,0.29944270849227905,0.8233610987663269,0.8204524517059326,2
softballtrain2.mp4,3,0.30662763118743896,0.47962963581085205,0.6977952718734741,0.2677213251590729,0.5026851892471313,0.8504350781440735,0.30662763118743896,0.5084490776062012,0.8161092400550842,0.24502605199813843,0.571851909160614,0.6593339443206787,0.3260807394981384,0.571851909160614,0.8495218753814697,0.25475260615348816,0.6006713509559631,0.6156333684921265,0.30986979603767395,0.6179629564285278,0.851963996887207,0.25799480080604553,0.5949074029922485,0.6560583710670471,0.2871744930744171,0.5949074029922485,0.7008395195007324,0.2612369954586029,0.7159491181373596,0.7984628081321716,0.29690104722976685,0.7159491181373596,0.7326453924179077,0.2612369954586029,0.8312268853187561,0.8424578905105591,0.30014321208000183,0.8196991086006165,0.79786217212677,2
softballtrain2.mp4,4,0.30911198258399963,0.4808287024497986,0.6743229031562805,0.27001821994781494,0.5039953589439392,0.846896231174469,0.30911198258399963,0.5039953589439392,0.804253101348877,0.24395574629306793,0.5734953880310059,0.771240234375,0.32540103793144226,0.5734953880310059,0.867448091506958,0.25698697566986084,0.6024537086486816,0.6256566047668457,0.31236979365348816,0.614037036895752,0.7950758337974548,0.26024478673934937,0.5966620445251465,0.6515797972679138,0.2895651161670685,0.5966620445251465,0.6511766910552979,0.26024478673934937,0.7182871103286743,0.7924744486808777,0.29933854937553406,0.7182871103286743,0.7014560103416443,0.26024478673934937,0.8283287286758423,0.7903870940208435,0.29933854937553406,0.8225370645523071,0.8171781897544861,2
softballtrain2.mp4,5,0.3072708547115326,0.4841203987598419,0.6173734664916992,0.2709192633628845,0.5017454028129578,0.8244068622589111,0.31388017535209656,0.5076203942298889,0.8135427832603455,0.24778646230697632,0.5722454190254211,0.6782446503639221,0.32709893584251404,0.5663703680038452,0.872204065322876,0.25770050287246704,0.5957453846931458,0.600068986415863,0.31388017535209656,0.6016203761100769,0.7410702109336853,0.2643098831176758,0.5957453846931458,0.667904794216156,0.29074737429618835,0.5957453846931458,0.6685498952865601,0.2610052227973938,0.7132453918457031,0.7927740216255188,0.30066144466400146,0.7132453918457031,0.7395225763320923,0.2610052227973938,0.8307453989982605,0.8253734111785889,0.30066144466400146,0.8248703479766846,0.7900062799453735,2
softballtrain2.mp4,6,0.30922654271125793,0.48068520426750183,0.7286330461502075,0.2711562514305115,0.5114490389823914,0.8527189493179321,0.312687486410141,0.5052963495254517,0.8651256561279297,0.2503906190395355,0.57297682762146,0.75482577085495,0.3265312612056732,0.5545185208320618,0.8600583672523499,0.2538515627384186,0.5914351940155029,0.43284985423088074,0.3196093440055847,0.5975880026817322,0.7516844868659973,0.26423436403274536,0.5975880026817322,0.6840238571166992,0.2919218838214874,0.5975880026817322,0.644905686378479,0.26423436403274536,0.7144907116889954,0.812432050704956,0.30576562881469727,0.7144907116889954,0.7143080830574036,0.2607734501361847,0.8313934803009033,0.832762598991394,0.3023046851158142,0.8190879821777344,0.7866860032081604,2
softballtrain2.mp4,7,0.3147291839122772,0.48234257102012634,0.7023329138755798,0.27404165267944336,0.5124815106391907,0.8375269174575806,0.3147291839122772,0.5064537525177002,0.8567768931388855,0.2570885419845581,0.5667315125465393,0.7848596572875977,0.3282916843891144,0.5486481785774231,0.8971320390701294,0.2604791522026062,0.5968704223632812,0.408213347196579,0.3249010443687439,0.5968704223632812,0.8076226115226746,0.26726043224334717,0.5968704223632812,0.656697690486908,0.2943854331970215,0.6028981804847717,0.6262232661247253,0.2638697922229767,0.72345370054245,0.7988636493682861,0.30794793367385864,0.711398184299469,0.6935190558433533,0.2604791522026062,0.8259260058403015,0.8157181739807129,0.30455729365348816,0.8198981881141663,0.8346195816993713,2
softballtrain2.mp4,8,0.3152395784854889,0.49195370078086853,0.8235675692558289,0.2775989770889282,0.5102037191390991,0.882533073425293,0.3152395784854889,0.5102037191390991,0.8288001418113708,0.2604895830154419,0.5588703751564026,0.7752692699432373,0.32892706990242004,0.5527870655059814,0.7222792506217957,0.27075523138046265,0.625787079334259,0.2623898386955261,0.32550522685050964,0.6197036504745483,0.49043548107147217,0.27075523138046265,0.6014537215232849,0.6942045092582703,0.29813021421432495,0.6014537215232849,0.665516197681427,0.26733335852622986,0.7170370221138,0.8201353549957275,0.3118177056312561,0.7109537124633789,0.7457479238510132,0.2604895830154419,0.826537013053894,0.7875556349754333,0.3049739599227905,0.8204537034034729,0.7152721285820007,2
softballtrain2.mp4,9,0.3186979293823242,0.49076390266418457,0.8615329265594482,0.2813151180744171,0.5149305462837219,0.8746682405471802,0.31529948115348816,0.5088889002799988,0.8247084617614746,0.26772135496139526,0.5632638931274414,0.8044660091400146,0.32889324426651,0.5572221875190735,0.8681691884994507,0.27791669964790344,0.6357638835906982,0.32242143154144287,0.3390885293483734,0.6115972399711609,0.7034623622894287,0.274518221616745,0.605555534362793,0.6719481348991394,0.30510416626930237,0.605555534362793,0.7120656967163086,0.27111977338790894,0.7203472852706909,0.7656851410865784,0.31529948115348816,0.714305579662323,0.7632589340209961,0.26092448830604553,0.8290972113609314,0.7864019274711609,0.30510416626930237,0.8230555653572083,0.7583416104316711,1
softballtrain2.mp4,10,0.32225000858306885,0.4686203896999359,0.6917121410369873,0.2886406183242798,0.5084537267684937,0.8519800305366516,0.32225000858306885,0.5018148422241211,0.851298987865448,0.2774375081062317,0.5615648627281189,0.3712741434574127,0.33345314860343933,0.5615648627281189,0.8616294860839844,0.2886406183242798,0.6146759390830994,0.1244589239358902,0.35212501883506775,0.6146759390830994,0.8686734437942505,0.28117188811302185,0.6146759390830994,0.7060829997062683,0.3073124885559082,0.6146759390830994,0.7415651082992554,0.2774375081062317,0.7341759204864502,0.7660343647003174,0.32225000858306885,0.7275370955467224,0.8115479350090027,0.2662343978881836,0.8271203637123108,0.8085452318191528,0.3073124885559082,0.8204814791679382,0.8669628500938416,1
softballtrain2.mp4,11,0.32740625739097595,0.46424075961112976,0.7186407446861267,0.2930937707424164,0.5049073696136475,0.8804317712783813,0.32359376549720764,0.498129665851593,0.8581836819648743,0.2854687571525574,0.5659074187278748,0.3838059604167938,0.3426562547683716,0.5726852416992188,0.8492247462272644,0.32740625739097595,0.5862407684326172,0.2324496954679489,0.3617187738418579,0.6269074082374573,0.9030288457870483,0.28165626525878906,0.6201297044754028,0.7295260429382324,0.3121562600135803,0.6201297044754028,0.7279571890830994,0.28928127884864807,0.7353518605232239,0.7869301438331604,0.32359376549720764,0.7285740971565247,0.7931133508682251,0.26640626788139343,0.8099074363708496,0.7910675406455994,0.3045312464237213,0.823462963104248,0.8736909031867981,1
softballtrain2.mp4,12,0.3288489580154419,0.4644398093223572,0.6860219836235046,0.2943958640098572,0.5073148012161255,0.8777624368667603,0.3288489580154419,0.5011897683143616,0.8379473090171814,0.28750523924827576,0.5624397993087769,0.46291324496269226,0.34952083230018616,0.5746898055076599,0.8265970349311829,0.363302081823349,0.6236898303031921,0.19640077650547028,0.3667473793029785,0.6236898303031921,0.8392049670219421,0.28750523924827576,0.6236898303031921,0.7221511602401733,0.31506773829460144,0.6236898303031921,0.7227663993835449,0.3012864887714386,0.740064799785614,0.827247679233551,0.3254036605358124,0.7339397668838501,0.8761805295944214,0.2737239897251129,0.7890647649765015,0.7743992805480957,0.3047317862510681,0.8258147835731506,0.8187160491943359,1
softballtrain2.mp4,13,0.32989582419395447,0.4597916901111603,0.3851066529750824,0.2950911521911621,0.5010416507720947,0.8493025898933411,0.3337630331516266,0.5010416507720947,0.853783369064331,0.2834895849227905,0.5629166960716248,0.39124223589897156,0.35309895873069763,0.5697916746139526,0.9097767472267151,0.36856767535209656,0.62479168176651,0.24992933869361877,0.36856767535209656,0.6179167032241821,0.8260112404823303,0.2912239730358124,0.62479168176651,0.6896886229515076,0.3182942569255829,0.62479168176651,0.723499596118927,0.3066927194595337,0.7347916960716248,0.7292394638061523,0.3260286748409271,0.7485416531562805,0.7747290730476379,0.28735679388046265,0.7760416865348816,0.46935147047042847,0.3066927194595337,0.8172916769981384,0.8410627841949463,1
softballtrain2.mp4,14,0.3275468945503235,0.4601111114025116,0.3740215599536896,0.29798439145088196,0.49952781200408936,0.7873578667640686,0.33493751287460327,0.49952781200408936,0.7635805606842041,0.2905937433242798,0.5520833730697632,0.23438744246959686,0.357109397649765,0.5586528182029724,0.8081887364387512,0.3718906342983246,0.6046388745307922,0.26108837127685547,0.3681953251361847,0.6046388745307922,0.7766014933586121,0.2905937433242798,0.6243472099304199,0.6732167601585388,0.3201562464237213,0.6243472099304199,0.70671546459198,0.3164609670639038,0.7294583320617676,0.8563970923423767,0.3312422037124634,0.742597222328186,0.9010619521141052,0.2942890524864197,0.7820138931274414,0.6804050207138062,0.30907028913497925,0.8148611187934875,0.8157966732978821,1
softballtrain2.mp4,15,0.334690123796463,0.46746763586997986,0.38906216621398926,0.30287760496139526,0.49574539065361023,0.4896332621574402,0.334690123796463,0.49574539065361023,0.4583120048046112,0.2989010512828827,0.49574539065361023,0.2941913306713104,0.3665026128292084,0.5523009896278381,0.2948687672615051,0.3108307123184204,0.46039819717407227,0.2625420391559601,0.34264323115348816,0.47453710436820984,0.19192315638065338,0.29492446780204773,0.630064845085144,0.6770423650741577,0.3227604329586029,0.630064845085144,0.7567850947380066,0.31878384947776794,0.7361065149307251,0.7970856428146362,0.33071357011795044,0.7431759834289551,0.8738380670547485,0.3068541884422302,0.8138704299926758,0.5473155975341797,0.3068541884422302,0.8068009614944458,0.8553363680839539,1
softballtrain2.mp4,16,0.3635234534740448,0.38493984937667847,0.46907034516334534,0.3045702874660492,0.5047176480293274,0.5495169758796692,0.3382578194141388,0.49723148345947266,0.49780070781707764,0.3003593683242798,0.579578697681427,0.26163434982299805,0.3551015555858612,0.45980095863342285,0.2376459538936615,0.3424687385559082,0.4523148536682129,0.2496340572834015,0.3466796875,0.4373426139354706,0.14441008865833282,0.3045702874660492,0.6319815516471863,0.6409576535224915,0.3256250023841858,0.6244953870773315,0.7468528747558594,0.334046870470047,0.7367870807647705,0.6969649195671082,0.334046870470047,0.7367870807647705,0.7853129506111145,0.3172031044960022,0.8116481900215149,0.6952468752861023,0.308781236410141,0.8116481900215149,0.799669623374939,1
softballtrain2.mp4,17,0.34815627336502075,0.3816574215888977,0.5037528276443481,0.3140312433242798,0.50299072265625,0.6181724667549133,0.34815627336502075,0.50299072265625,0.6368477940559387,0.30550000071525574,0.5636573433876038,0.21688570082187653,0.36521875858306885,0.518157422542572,0.2182566374540329,0.32682812213897705,0.44232407212257385,0.2336965650320053,0.33109375834465027,0.4650740325450897,0.12201172113418579,0.30550000071525574,0.6243240237236023,0.6497135162353516,0.33109375834465027,0.6243240237236023,0.7565218210220337,0.3396250009536743,0.7304907441139221,0.7436705827713013,0.3353593647480011,0.738074004650116,0.7433047890663147,0.33109375834465027,0.8139073848724365,0.42920809984207153,0.30550000071525574,0.7987406849861145,0.8560739755630493,1
softballtrain2.mp4,18,0.3370833396911621,0.4844444692134857,0.32377079129219055,0.3165755271911621,0.5063194632530212,0.582665741443634,0.3493880331516266,0.5136111378669739,0.49143826961517334,0.3165755271911621,0.46986111998558044,0.24718162417411804,0.38630208373069763,0.4479861259460449,0.33945903182029724,0.36169272661209106,0.4771527945995331,0.25680699944496155,0.39450520277023315,0.4990277886390686,0.2742156982421875,0.3083724081516266,0.6302778124809265,0.6177353858947754,0.33298176527023315,0.6302778124809265,0.7012624740600586,0.34528645873069763,0.6886111497879028,0.4201797842979431,0.3288802206516266,0.7323611378669739,0.7251793742179871,0.34528645873069763,0.7469444274902344,0.6069843769073486,0.3083724081516266,0.7979861497879028,0.8576233983039856,1
softballtrain2.mp4,19,0.3438359200954437,0.4821203649044037,0.3099328875541687,0.3230937719345093,0.5189954042434692,0.43166384100914,0.37287500500679016,0.38624539971351624,0.6524195671081543,0.3230937719345093,0.423120379447937,0.6979137659072876,0.3853203058242798,0.4378703534603119,0.4763857126235962,0.3272421956062317,0.3714953660964966,0.3561224639415741,0.37287500500679016,0.47474533319473267,0.44333556294441223,0.3189453184604645,0.6296203136444092,0.4653206169605255,0.3313906490802765,0.6296203136444092,0.6840969920158386,0.35213279724121094,0.6591203212738037,0.4413851201534271,0.3355390727519989,0.7254953384399414,0.7319959402084351,0.3479843735694885,0.7254953384399414,0.4314994812011719,0.31479689478874207,0.7918704152107239,0.8500461578369141,1
softballtrain2.mp4,20,0.35149478912353516,0.4768611192703247,0.33953118324279785,0.37676042318344116,0.3495972156524658,0.47295382618904114,0.32201820611953735,0.37954169511795044,0.467885285615921,0.38939324021339417,0.3720555603504181,0.6012709140777588,0.32201820611953735,0.43194445967674255,0.5851384997367859,0.38097137212753296,0.4618889093399048,0.6686912775039673,0.31780728697776794,0.3720555603504181,0.3576511740684509,0.34307292103767395,0.6340695023536682,0.6882759928703308,0.32622918486595154,0.6340695023536682,0.7928942441940308,0.36412760615348816,0.671500027179718,0.3264254331588745,0.33886197209358215,0.7313889861106873,0.7905872464179993,0.33465102314949036,0.7463611364364624,0.34225818514823914,0.32201820611953735,0.7912777662277222,0.8683780431747437,1
softballtrain2.mp4,21,0.36771872639656067,0.46324077248573303,0.4144122302532196,0.3422187566757202,0.4859074354171753,0.6675640940666199,0.36771872639656067,0.4934629797935486,0.7723556160926819,0.32521873712539673,0.44812965393066406,0.5167011618614197,0.3932187855243683,0.4330185353755951,0.8305643796920776,0.30821874737739563,0.39524078369140625,0.17917783558368683,0.40171873569488525,0.3650185465812683,0.7827020883560181,0.3422187566757202,0.6370185613632202,0.5720556974411011,0.33371874690055847,0.6370185613632202,0.7267907857894897,0.3592187464237213,0.7125740647315979,0.6000655889511108,0.35071876645088196,0.7352408766746521,0.8542227745056152,0.30821874737739563,0.38768520951271057,0.821855366230011,0.32521873712539673,0.7956852316856384,0.8198889493942261,1
softballtrain2.mp4,22,0.36513540148735046,0.4775231182575226,0.5412222743034363,0.36928385496139526,0.5070231556892395,0.3965880274772644,0.36513540148735046,0.5070231556892395,0.37730681896209717,0.3941744863986969,0.4406481385231018,0.3602878153324127,0.3941744863986969,0.4406481385231018,0.5771750211715698,0.40661975741386414,0.38164815306663513,0.15002533793449402,0.41076821088790894,0.38164815306663513,0.6862444877624512,0.344393253326416,0.6397731900215149,0.6837430000305176,0.331947922706604,0.6397731900215149,0.7648364305496216,0.35683855414390564,0.7356480956077576,0.584460437297821,0.35269010066986084,0.7430230379104614,0.710819661617279,0.3360963463783264,0.80202317237854,0.5494237542152405,0.331947922706604,0.80202317237854,0.7672412991523743,1
softballtrain2.mp4,23,0.3841796815395355,0.4804213345050812,0.45252394676208496,0.36796095967292786,0.5164629817008972,0.40688568353652954,0.36390626430511475,0.5092546939849854,0.5077362656593323,0.38823434710502625,0.48762965202331543,0.3142680525779724,0.38823434710502625,0.48762965202331543,0.5569976568222046,0.4085078239440918,0.42996299266815186,0.4548090398311615,0.4085078239440918,0.4371713101863861,0.6735327839851379,0.3517422080039978,0.6317963004112244,0.5710030794143677,0.3436328172683716,0.6390047073364258,0.7357082366943359,0.36390626430511475,0.7110880017280579,0.759660542011261,0.3517422080039978,0.732712984085083,0.6781859993934631,0.35985153913497925,0.7831713557243347,0.7903968095779419,0.33957812190055847,0.8047962784767151,0.8087365031242371,1
softballtrain2.mp4,24,0.4024583399295807,0.48814815282821655,0.7671717405319214,0.3581770956516266,0.5123703479766846,0.7089216709136963,0.3854270875453949,0.5305370092391968,0.6086845397949219,0.324114590883255,0.5365925431251526,0.41278818249702454,0.4058645963668823,0.5002592206001282,0.24339085817337036,0.30027085542678833,0.548703670501709,0.33287936449050903,0.4092708230018616,0.46998149156570435,0.3050440847873688,0.3411458432674408,0.6274259090423584,0.45464977622032166,0.3513645827770233,0.6334814429283142,0.7187848091125488,0.36498960852622986,0.7122036814689636,0.7661746144294739,0.34795835614204407,0.7182592153549194,0.56193608045578,0.36158332228660583,0.7909258604049683,0.7582536935806274,0.33773958683013916,0.7969813942909241,0.6188740730285645,1
softballtrain2.mp4,25,0.39257290959358215,0.4832361340522766,0.5862922072410583,0.364236980676651,0.511222243309021,0.6838837265968323,0.38942447304725647,0.5168194770812988,0.7011185884475708,0.33275261521339417,0.5504027605056763,0.6598051190376282,0.39572134613990784,0.5560000538825989,0.3847404718399048,0.31701043248176575,0.5671944618225098,0.7176647186279297,0.3988698124885559,0.5056250095367432,0.150654137134552,0.3421979248523712,0.6175695061683655,0.6003668904304504,0.35794010758399963,0.6287639141082764,0.6846593022346497,0.3673854172229767,0.7127222418785095,0.7590345740318298,0.34849482774734497,0.7239167094230652,0.6412906050682068,0.364236980676651,0.785486102104187,0.8320634365081787,0.3296041786670685,0.7966805100440979,0.7522779703140259,1
softballtrain2.mp4,26,0.40658071637153625,0.46929168701171875,0.7163963913917542,0.3693698048591614,0.4993610978126526,0.7813417911529541,0.39981508255004883,0.511388897895813,0.7608097195625305,0.33554166555404663,0.5715277791023254,0.6875251531600952,0.3896666467189789,0.6196389198303223,0.6432158946990967,0.352455735206604,0.5895695090293884,0.28738242387771606,0.38628384470939636,0.6737638711929321,0.7316606044769287,0.34569013118743896,0.601597249507904,0.6285017728805542,0.36260417103767395,0.6136250495910645,0.6871455907821655,0.36598697304725647,0.7098472118377686,0.6881682872772217,0.3490729331970215,0.7158611416816711,0.6010493040084839,0.36260417103767395,0.7880277633666992,0.8443978428840637,0.3253932297229767,0.7940416932106018,0.7463451623916626,1
softballtrain2.mp4,27,0.4064791798591614,0.4692036807537079,0.7304600477218628,0.3693541884422302,0.49920371174812317,0.798812210559845,0.3997291922569275,0.5112037658691406,0.7730386257171631,0.33560416102409363,0.5712037086486816,0.6665724515914917,0.3896041512489319,0.6192037463188171,0.6325376033782959,0.35247915983200073,0.5892037153244019,0.3003372550010681,0.38622915744781494,0.673203706741333,0.7560153603553772,0.3423541784286499,0.6072036623954773,0.6290364861488342,0.3659791648387909,0.6132037043571472,0.6806184649467468,0.3659791648387909,0.7092037200927734,0.6841888427734375,0.34572917222976685,0.7212037444114685,0.5992898344993591,0.36260417103767395,0.7872036695480347,0.8508689403533936,0.3254791498184204,0.7932036519050598,0.7551897764205933,1
softballtrain2.mp4,28,0.4157864451408386,0.4644398093223572,0.488105446100235,0.377888023853302,0.4889398217201233,0.7508918046951294,0.4088958501815796,0.5073148012161255,0.6094568967819214,0.3468802273273468,0.5440648198127747,0.7732239365577698,0.4192317724227905,0.5440648198127747,0.47266310453414917,0.3434349000453949,0.580814778804779,0.5223856568336487,0.45713022351264954,0.5440648198127747,0.12236214429140091,0.3468802273273468,0.599189817905426,0.5962703824043274,0.36755210161209106,0.599189817905426,0.6097778677940369,0.3572161793708801,0.7094398140907288,0.7606000900268555,0.3572161793708801,0.7094398140907288,0.7391254305839539,0.36066147685050964,0.7890647649765015,0.8223941326141357,0.3193177282810211,0.7829397916793823,0.701221227645874,1
softballtrain2.mp4,29,0.41222915053367615,0.44664815068244934,0.5720619559288025,0.3808698058128357,0.4838148355484009,0.7928330898284912,0.4191979169845581,0.5023981928825378,0.6615908741950989,0.34951040148735046,0.5333703756332397,0.8347491025924683,0.41571351885795593,0.5519536733627319,0.3937425911426544,0.3390572965145111,0.5891203880310059,0.7053148746490479,0.3390572965145111,0.5953148007392883,0.1426464468240738,0.35299479961395264,0.5767315030097961,0.6031023263931274,0.37390103936195374,0.5891203880310059,0.6662704348564148,0.3564791679382324,0.7006203532218933,0.6300978660583496,0.3599635362625122,0.7068147659301758,0.7800158858299255,0.3599635362625122,0.7873426079750061,0.8042012453079224,0.31815105676651,0.7625648379325867,0.7927875518798828,1
softballtrain2.mp4,30,0.4225572943687439,0.4512638747692108,0.6733265519142151,0.3881041705608368,0.4696388840675354,0.8131769299507141,0.4191119968891144,0.48801389336586,0.7063928246498108,0.3536510467529297,0.5247638821601868,0.7977060079574585,0.43289321660995483,0.5431389212608337,0.6829465627670288,0.34331512451171875,0.5798888802528381,0.6039378643035889,0.43633854389190674,0.6411389112472534,0.19809168577194214,0.3536510467529297,0.5798888802528381,0.6724165081977844,0.37776821851730347,0.5860138535499573,0.6967064142227173,0.3605417013168335,0.6901388764381409,0.6772981882095337,0.36743229627609253,0.7023888826370239,0.7253568172454834,0.3605417013168335,0.7820138335227966,0.8675500750541687,0.3226432502269745,0.7513888478279114,0.8129851818084717,1
softballtrain2.mp4,31,0.42002084851264954,0.44087037444114685,0.5229243040084839,0.38541144132614136,0.4654815196990967,0.8353074789047241,0.42002084851264954,0.477787047624588,0.7397805452346802,0.35772398114204407,0.5147036910057068,0.8287891745567322,0.4338645935058594,0.5147036910057068,0.6218749284744263,0.3473411500453949,0.5639259219169617,0.6705073118209839,0.4061770737171173,0.551620364189148,0.19457785785198212,0.3611849248409271,0.5700787305831909,0.7147083282470703,0.38541144132614136,0.5823842883110046,0.6991419196128845,0.3646458387374878,0.6808286905288696,0.6745015978813171,0.3750286400318146,0.6931343078613281,0.679513156414032,0.3611849248409271,0.7792732119560242,0.8026376962661743,0.330036461353302,0.7362037301063538,0.8908243775367737,1
softballtrain2.mp4,32,0.4198697805404663,0.43457409739494324,0.5682404041290283,0.38942447304725647,0.45862963795661926,0.8192744851112366,0.42663538455963135,0.4766712784767151,0.7105162739753723,0.36236196756362915,0.5067407488822937,0.8474771976470947,0.42663538455963135,0.5187685489654541,0.3398279547691345,0.3522135317325592,0.5608657598495483,0.7161211371421814,0.4131041467189789,0.5368102192878723,0.31619083881378174,0.36574479937553406,0.5668796896934509,0.7153459191322327,0.38942447304725647,0.5728935599327087,0.6865987777709961,0.36912763118743896,0.6811435222625732,0.6698957681655884,0.38942447304725647,0.687157392501831,0.790736198425293,0.35897916555404663,0.7773657441139221,0.8097639679908752,0.3488307297229767,0.7292546629905701,0.7897327542304993,1
softballtrain2.mp4,33,0.418093740940094,0.4240926206111908,0.5324041843414307,0.3931562602519989,0.44942593574523926,0.850976824760437,0.4323437511920929,0.4747592508792877,0.7270818948745728,0.3682187795639038,0.5064259171485901,0.8120234608650208,0.45371875166893005,0.49375927448272705,0.409548819065094,0.3539687395095825,0.5507592558860779,0.802273154258728,0.4216562509536743,0.5190925598144531,0.122154101729393,0.3682187795639038,0.5634258985519409,0.7115055918693542,0.3931562602519989,0.5760926008224487,0.7440215349197388,0.37178125977516174,0.6837592124938965,0.7130332589149475,0.40028125047683716,0.6900925636291504,0.865476131439209,0.3610937297344208,0.778759241104126,0.794664204120636,0.37178125977516174,0.7154259085655212,0.5766451358795166,1
softballtrain2.mp4,34,0.4185364842414856,0.4162731468677521,0.7834870219230652,0.40045055747032166,0.44199538230895996,0.8371254801750183,0.4402395784854889,0.474148154258728,0.7400348782539368,0.37513020634651184,0.49343979358673096,0.766593337059021,0.42215365171432495,0.5577453970909119,0.8513781428337097,0.36066147685050964,0.5448842644691467,0.7911422848701477,0.42215365171432495,0.622050940990448,0.6859427094459534,0.3715130090713501,0.5641759037971497,0.6335742473602295,0.40045055747032166,0.5770370364189148,0.657791256904602,0.37513020634651184,0.6799259185791016,0.7097456455230713,0.4113020896911621,0.6863564848899841,0.8133131265640259,0.364278644323349,0.7763842344284058,0.7622252702713013,0.3787474036216736,0.7313703894615173,0.6086748838424683,0
softballtrain2.mp4,35,0.44588539004325867,0.41405555605888367,0.4881581962108612,0.40669792890548706,0.43938887119293213,0.7743784189224243,0.44232290983200073,0.4710555374622345,0.7580026388168335,0.37463539838790894,0.49638885259628296,0.7863224148750305,0.4280729293823242,0.5470555424690247,0.8539417386054993,0.36394792795181274,0.5407221913337708,0.8327303528785706,0.4387603998184204,0.6103888750076294,0.8016466498374939,0.37463539838790894,0.5660555958747864,0.7607874870300293,0.3995729088783264,0.5723888874053955,0.7079885005950928,0.37819793820381165,0.6737221479415894,0.7718154191970825,0.4245104193687439,0.6737221479415894,0.797904372215271,0.36394792795181274,0.7687221765518188,0.8602250814437866,0.39244791865348816,0.743388831615448,0.763625979423523,0
softballtrain2.mp4,36,0.4390208125114441,0.41405555605888367,0.4356505870819092,0.40695837140083313,0.43938887119293213,0.7766229510307312,0.4425833523273468,0.4710555374622345,0.7517696619033813,0.374895840883255,0.49638885259628296,0.796689510345459,0.4283333420753479,0.5470555424690247,0.8647403120994568,0.3642083406448364,0.5407221913337708,0.8388799428939819,0.4390208125114441,0.6103888750076294,0.8032969236373901,0.374895840883255,0.5660555958747864,0.7647469639778137,0.3998333215713501,0.5787221789360046,0.7192808985710144,0.374895840883255,0.6737221479415894,0.7758271098136902,0.4247708320617676,0.6737221479415894,0.7934802174568176,0.3606458306312561,0.7687221765518188,0.8511276245117188,0.39270833134651184,0.743388831615448,0.7736309766769409,0
softballtrain2.mp4,37,0.4502187669277191,0.40760186314582825,0.6032085418701172,0.4112031161785126,0.43912965059280396,0.8145495653152466,0.44667187333106995,0.4643518924713135,0.7338178753852844,0.37928125262260437,0.489574134349823,0.8218966722488403,0.4360312521457672,0.5337129831314087,0.9037981033325195,0.3721875250339508,0.5400185585021973,0.6511326432228088,0.4502187669277191,0.5904629826545715,0.8706803917884827,0.37928125262260437,0.565240740776062,0.6398261189460754,0.404109388589859,0.5715463161468506,0.6928998827934265,0.37928125262260437,0.6661296486854553,0.8251338601112366,0.43248435854911804,0.6661296486854553,0.8346230387687683,0.3615468740463257,0.7607129812240601,0.7980881333351135,0.41475000977516174,0.7607129812240601,0.7385494112968445,0
softballtrain2.mp4,38,0.44999998807907104,0.40690743923187256,0.4689651131629944,0.4168125092983246,0.439685195684433,0.8458794951438904,0.45368751883506775,0.45935186743736267,0.7837012410163879,0.38731250166893005,0.48557406663894653,0.7420305609703064,0.4426250159740448,0.5249073505401611,0.9291618466377258,0.3762499988079071,0.538018524646759,0.7087872624397278,0.4647499918937683,0.5773518085479736,0.8747701644897461,0.38731250166893005,0.5576851963996887,0.686735987663269,0.41312500834465027,0.5707963109016418,0.7116415500640869,0.3799374997615814,0.6625741124153137,0.863017737865448,0.4389375150203705,0.6691296100616455,0.8665128350257874,0.36149999499320984,0.7543518543243408,0.8345147371292114,0.4352499842643738,0.7674630284309387,0.7685755491256714,0
softballtrain2.mp4,39,0.45940884947776794,0.4135277569293976,0.5917583107948303,0.4218307137489319,0.43356946110725403,0.8554094433784485,0.45189324021339417,0.46029165387153625,0.7344101071357727,0.3917682468891144,0.48701387643814087,0.7204972505569458,0.4481354057788849,0.5137361288070679,0.9633806943893433,0.38049477338790894,0.5337777733802795,0.7311612963676453,0.4744400978088379,0.5605000257492065,0.8737870454788208,0.39552605152130127,0.5538194179534912,0.6958825588226318,0.418072909116745,0.5671805739402771,0.6959518790245056,0.3842526078224182,0.6607083082199097,0.8458598852157593,0.444377601146698,0.6740694046020508,0.8462510704994202,0.3617057502269745,0.7542360424995422,0.8362950086593628,0.45189324021339417,0.780958354473114,0.8238128423690796,0
softballtrain2.mp4,40,0.464697927236557,0.4106389284133911,0.6618739366531372,0.4226745069026947,0.43101391196250916,0.8615022301673889,0.45705729722976685,0.45818057656288147,0.7819108366966248,0.3997526168823242,0.48534727096557617,0.6661427617073059,0.45323699712753296,0.5125138759613037,0.8239416480064392,0.38829168677330017,0.5260972380638123,0.7739864587783813,0.47997915744781494,0.5464722514152527,0.9246968030929565,0.4035729467868805,0.5600556135177612,0.6884725689888,0.4264947772026062,0.5736389756202698,0.7012619376182556,0.38829168677330017,0.6619306206703186,0.8081165552139282,0.45323699712753296,0.682305634021759,0.8268089890480042,0.3615494668483734,0.7502222657203674,0.840042233467102,0.45705729722976685,0.7841806411743164,0.809540867805481,0
softballtrain2.mp4,41,0.468500018119812,0.4190370738506317,0.5074280500411987,0.42561718821525574,0.4398287236690521,0.8421420454978943,0.4607031047344208,0.46755093336105347,0.7718231081962585,0.406125009059906,0.4814120829105377,0.6942088603973389,0.45680469274520874,0.5091342926025391,0.9038123488426208,0.39442968368530273,0.5229954123497009,0.7405873537063599,0.4840937554836273,0.5437870621681213,0.9461673498153687,0.41002342104911804,0.5715093016624451,0.7221869230270386,0.4334140717983246,0.5784398317337036,0.7182945013046265,0.3905312418937683,0.6616065502166748,0.8246287703514099,0.4607031047344208,0.6823982000350952,0.873176634311676,0.36324217915534973,0.7517037391662598,0.8429560661315918,0.45680469274520874,0.7863565683364868,0.8265018463134766,0
softballtrain2.mp4,42,0.47072917222976685,0.42314815521240234,0.4367179274559021,0.42819011211395264,0.44377318024635315,0.8030202388763428,0.462994784116745,0.46439817547798157,0.7392184138298035,0.40111979842185974,0.5125231742858887,0.8789380788803101,0.462994784116745,0.5125231742858887,0.8780787587165833,0.41272133588790894,0.5331481099128723,0.49931490421295166,0.4823307394981384,0.5537731647491455,0.9059377312660217,0.41272133588790894,0.5743981599807739,0.7492623329162598,0.4359245002269745,0.5812731981277466,0.736007571220398,0.3933854103088379,0.6637731194496155,0.8227491974830627,0.4668619930744171,0.6843981742858887,0.873560905456543,0.3701823055744171,0.7462731599807739,0.9059383869171143,0.45526042580604553,0.7875231504440308,0.8112434148788452,0
softballtrain2.mp4,43,0.44609373807907104,0.3994629979133606,0.6457164883613586,0.4271875023841858,0.4397963285446167,0.8293589353561401,0.4650000035762787,0.45996296405792236,0.7219224572181702,0.40450000762939453,0.507018506526947,0.8652719259262085,0.4687812626361847,0.5137407779693604,0.8319455981254578,0.40828126668930054,0.5271852016448975,0.42461544275283813,0.4763437509536743,0.5675185322761536,0.8728062510490417,0.41584375500679016,0.5742408037185669,0.729647696018219,0.4423125088214874,0.5742408037185669,0.7207472920417786,0.3969374895095825,0.6616296768188477,0.8180853724479675,0.4650000035762787,0.6817963123321533,0.8400115370750427,0.37424999475479126,0.7422963380813599,0.8841166496276855,0.45743751525878906,0.782629668712616,0.8554090261459351,0
softballtrain2.mp4,44,0.44828125834465027,0.3946296274662018,0.4775179624557495,0.43265625834465027,0.4293518662452698,0.873188316822052,0.47171875834465027,0.4571296274662018,0.7882078289985657,0.41312500834465027,0.505740761756897,0.8416549563407898,0.47171875834465027,0.5196296572685242,0.8483000993728638,0.42093750834465027,0.5335185527801514,0.47383639216423035,0.47562500834465027,0.5751851797103882,0.8794103264808655,0.42093750834465027,0.568240761756897,0.7287432551383972,0.44437500834465027,0.5751851797103882,0.7199440598487854,0.40140625834465027,0.6585185527801514,0.8211218118667603,0.46781250834465027,0.6724074482917786,0.8440117239952087,0.38187500834465027,0.7418518662452698,0.9263981580734253,0.45609375834465027,0.7835185527801514,0.8353064656257629,0
softballtrain2.mp4,45,0.4553854167461395,0.38446298241615295,0.3524804413318634,0.4322291612625122,0.4256296455860138,0.9146571755409241,0.4746823012828827,0.4462130069732666,0.8269731402397156,0.4167916476726532,0.5011018514633179,0.8288739919662476,0.47082293033599854,0.5216852426528931,0.9140439033508301,0.41293230652809143,0.5354074835777283,0.50380939245224,0.47082293033599854,0.5834352374076843,0.8687068223953247,0.42065104842185974,0.5491296052932739,0.7101147174835205,0.4476666748523712,0.5628519058227539,0.7268549799919128,0.4090729057788849,0.6520463228225708,0.8545226454734802,0.46310415863990784,0.672629714012146,0.857239305973053,0.3897760510444641,0.7412408590316772,0.9143750071525574,0.4553854167461395,0.7824074625968933,0.8504281044006348,0
softballtrain2.mp4,46,0.4550286531448364,0.381129652261734,0.6863818168640137,0.4784192740917206,0.44350466132164,0.5392398834228516,0.4355364739894867,0.4227129817008972,0.5080627202987671,0.419942706823349,0.49201858043670654,0.5679824948310852,0.47452083230018616,0.5197407603263855,0.5389268398284912,0.4706224203109741,0.5821157693862915,0.219253271818161,0.4706224203109741,0.5890463590621948,0.6347866654396057,0.42773959040641785,0.5405324697494507,0.39642250537872314,0.4472317695617676,0.5474629998207092,0.3428625762462616,0.41214582324028015,0.6514213681221008,0.7245452404022217,0.4628255069255829,0.6652824878692627,0.6799643635749817,0.39655208587646484,0.7345880270004272,0.6797455549240112,0.4550286531448364,0.7761713862419128,0.7240366339683533,0
softballtrain2.mp4,47,0.46159374713897705,0.37246760725975037,0.8411101698875427,0.4811640679836273,0.43509259819984436,0.785773515701294,0.4381093680858612,0.42117592692375183,0.8600398302078247,0.4733359217643738,0.5116342902183533,0.34283289313316345,0.4263671934604645,0.4838009178638458,0.7155287265777588,0.4694218635559082,0.5812175869941711,0.393812894821167,0.4224531352519989,0.5325092673301697,0.3735595941543579,0.4576796889305115,0.5394675135612488,0.6297086477279663,0.43028125166893005,0.5394675135612488,0.6273060441017151,0.46159374713897705,0.6577591896057129,0.812905490398407,0.41462501883506775,0.6438425779342651,0.7875503897666931,0.4576796889305115,0.7690925598144531,0.8399447202682495,0.402882844209671,0.7273425459861755,0.843553900718689,0
softballtrain2.mp4,48,0.4611666798591614,0.3670926094055176,0.6242011189460754,0.437541663646698,0.4160926043987274,0.901717483997345,0.4808541536331177,0.43009263277053833,0.8380357623100281,0.421791672706604,0.48609262704849243,0.826372504234314,0.4729791581630707,0.5070925951004028,0.6382520794868469,0.4336041808128357,0.5140926241874695,0.3965393900871277,0.4729791581630707,0.5840926170349121,0.7858000993728638,0.429666668176651,0.5350926518440247,0.7815662026405334,0.4532916843891144,0.5420926213264465,0.6973444819450378,0.421791672706604,0.6400926113128662,0.809509813785553,0.4651041626930237,0.6540926098823547,0.8023718595504761,0.4099791646003723,0.731092631816864,0.8888144493103027,0.4572291672229767,0.7660926580429077,0.8404876589775085,0
softballtrain2.mp4,49,0.4624271094799042,0.37368521094322205,0.613425076007843,0.43847396969795227,0.4233657419681549,0.8979985117912292,0.4823880195617676,0.43046295642852783,0.8643476366996765,0.4225052297115326,0.4872407019138336,0.8118059039115906,0.47839584946632385,0.5085324048995972,0.5323408246040344,0.4264973998069763,0.5156296491622925,0.4202209711074829,0.4744036793708801,0.5795045495033264,0.736393928527832,0.43448176980018616,0.5298240780830383,0.7387070655822754,0.45843490958213806,0.5369212627410889,0.6498642563819885,0.4225052297115326,0.6433796286582947,0.8089151382446289,0.4664192795753479,0.6575740575790405,0.7860854268074036,0.41452082991600037,0.7356434464454651,0.8824574947357178,0.4624271094799042,0.7711296081542969,0.8117292523384094,0
softballtrain2.mp4,50,0.4677864611148834,0.3788703680038452,0.5806002020835876,0.4401145875453949,0.42103704810142517,0.9202268719673157,0.4835989773273468,0.43509259819984436,0.8575743436813354,0.4243021011352539,0.4913147985935211,0.8459897041320801,0.4835989773273468,0.5123981833457947,0.7335906028747559,0.4322083592414856,0.5123981833457947,0.4027949571609497,0.4835989773273468,0.5897036790847778,0.8281803131103516,0.43616145849227905,0.5405092239379883,0.7070151567459106,0.45988020300865173,0.5405092239379883,0.6518762111663818,0.42825520038604736,0.6529536843299866,0.799746572971344,0.4677864611148834,0.667009174823761,0.8021148443222046,0.4163958430290222,0.7443147301673889,0.833419919013977,0.4677864611148834,0.7724259495735168,0.7995877861976624,0
softballtrain2.mp4,51,0.47271355986595154,0.38991206884384155,0.530668318271637,0.44152605533599854,0.42456483840942383,0.9283305406570435,0.48830729722976685,0.4384259581565857,0.8524155616760254,0.42593228816986084,0.49387043714523315,0.8128890991210938,0.4844088554382324,0.5215926170349121,0.8645910024642944,0.42983072996139526,0.5215926170349121,0.4270184338092804,0.48830729722976685,0.5839676260948181,0.866875410079956,0.4376276135444641,0.5493148565292358,0.7077750563621521,0.4649166762828827,0.5562454462051392,0.6741529107093811,0.42983072996139526,0.6532732248306274,0.8161833882331848,0.4688151180744171,0.6740648746490479,0.8289156556129456,0.4181354343891144,0.7503010034561157,0.8376939296722412,0.4649166762828827,0.7780232429504395,0.8279291391372681,0
softballtrain2.mp4,52,0.47993752360343933,0.3936574161052704,0.5836359262466431,0.443296879529953,0.4327407777309418,0.8840073943138123,0.48360157012939453,0.4457685351371765,0.7531517148017883,0.4286406338214874,0.49787965416908264,0.7143997550010681,0.48726561665534973,0.5304490923881531,0.8535762429237366,0.4286406338214874,0.5304490923881531,0.389435350894928,0.4982577860355377,0.5825602412223816,0.868817925453186,0.4396328330039978,0.5565046668052673,0.6776670217514038,0.46528127789497375,0.5630185008049011,0.6643474698066711,0.432304710149765,0.6607268452644348,0.7640272974967957,0.47260937094688416,0.6737546920776367,0.790056586265564,0.42131248116493225,0.7519213557243347,0.8224566578865051,0.46528127789497375,0.7779768705368042,0.8256773948669434,0
softballtrain2.mp4,53,0.48098957538604736,0.39259257912635803,0.412850558757782,0.4446614682674408,0.43134260177612305,0.889575183391571,0.48462241888046265,0.44425928592681885,0.8186272978782654,0.4301302134990692,0.5023842453956604,0.7853289842605591,0.49188801646232605,0.528217613697052,0.794935941696167,0.4301302134990692,0.528217613697052,0.4433549642562866,0.5027864575386047,0.5798842906951904,0.7854781746864319,0.4410286545753479,0.5475926399230957,0.7078027129173279,0.46645835041999817,0.5605092644691467,0.721023440361023,0.437395840883255,0.6573842763900757,0.8200165629386902,0.4737239480018616,0.6703009009361267,0.7879817485809326,0.4264973998069763,0.7542592883110046,0.7893854379653931,0.46645835041999817,0.7800925970077515,0.7890591025352478,0
softballtrain2.mp4,54,0.4736510217189789,0.39455094933509827,0.5442227721214294,0.4480026066303253,0.43363428115844727,0.8294607996940613,0.48464325070381165,0.4466620683670044,0.7216364145278931,0.43334636092185974,0.4987731873989105,0.8041239380836487,0.49197137355804443,0.5248287320137024,0.7812944650650024,0.43334636092185974,0.531342625617981,0.38792455196380615,0.50662761926651,0.5769398212432861,0.6953985095024109,0.44067448377609253,0.5508842468261719,0.6857500672340393,0.4663229286670685,0.5508842468261719,0.714914858341217,0.43701040744781494,0.6616204380989075,0.8464774489402771,0.4736510217189789,0.6746482253074646,0.7821006178855896,0.42968228459358215,0.7528148889541626,0.8565642237663269,0.4663229286670685,0.7788704037666321,0.8131426572799683,0
softballtrain2.mp4,55,0.469830721616745,0.3934953808784485,0.49685773253440857,0.44803386926651,0.4322453737258911,0.8317064642906189,0.48436200618743896,0.4451620578765869,0.7590667605400085,0.4335026144981384,0.5032870173454285,0.8539960384368896,0.49526041746139526,0.5226620435714722,0.786954939365387,0.43713539838790894,0.5226620435714722,0.407087504863739,0.5061588883399963,0.5678703784942627,0.6478537321090698,0.4444010555744171,0.548495352268219,0.6920778751373291,0.469830721616745,0.548495352268219,0.7412129044532776,0.43713539838790894,0.6647453308105469,0.8238204121589661,0.4734635353088379,0.6712037324905396,0.7752101421356201,0.4335026144981384,0.7551620602607727,0.8674631118774414,0.4661979377269745,0.7809954285621643,0.823699951171875,0
softballtrain2.mp4,56,0.4643385708332062,0.3863796293735504,0.5062324404716492,0.4495260417461395,0.4258796274662018,0.8547237515449524,0.4865573048591614,0.44562965631484985,0.7497551441192627,0.43471354246139526,0.498296320438385,0.8727860450744629,0.4939635694026947,0.5180463194847107,0.8149232268333435,0.4421197772026062,0.5246296525001526,0.4003027081489563,0.508776068687439,0.5575463175773621,0.6803696751594543,0.44582292437553406,0.5443796515464783,0.6969799399375916,0.4717448055744171,0.5509629845619202,0.7339735627174377,0.43841665983200073,0.6562963128089905,0.8225485682487488,0.4717448055744171,0.669463038444519,0.7618017196655273,0.43471354246139526,0.7550463676452637,0.8685070276260376,0.46804168820381165,0.7813796997070312,0.8083174228668213,0
softballtrain2.mp4,57,0.48332294821739197,0.4048009514808655,0.3440351188182831,0.44668230414390564,0.42434263229370117,0.8342623710632324,0.48698699474334717,0.4438842833042145,0.771020233631134,0.43569010496139526,0.4959954023361206,0.8233711123466492,0.49431511759757996,0.5090231895446777,0.7519130110740662,0.43935415148735046,0.5155370831489563,0.4261574149131775,0.5089713931083679,0.5546204447746277,0.6673253774642944,0.44668230414390564,0.5415926575660706,0.6910828351974487,0.4723307192325592,0.5481064915657043,0.748761773109436,0.43935415148735046,0.6588426232337952,0.8335362672805786,0.4723307192325592,0.6653565168380737,0.7809021472930908,0.43569010496139526,0.7565509676933289,0.8626227378845215,0.468666672706604,0.7760926485061646,0.7955030798912048,0
softballtrain2.mp4,58,0.48505207896232605,0.40287038683891296,0.4586664140224457,0.4475520849227905,0.42287036776542664,0.8851327896118164,0.48505207896232605,0.4362037181854248,0.7467759251594543,0.4363020956516266,0.4962037205696106,0.8558092713356018,0.4963020980358124,0.5028703808784485,0.6298073530197144,0.4400520920753479,0.5228703618049622,0.4677399694919586,0.5075520873069763,0.5428703427314758,0.5323888659477234,0.4475520849227905,0.5428703427314758,0.71793133020401,0.4738020896911621,0.5495370626449585,0.7700392603874207,0.4438020884990692,0.6562036871910095,0.8167212009429932,0.4738020896911621,0.6628704071044922,0.7942100763320923,0.4363020956516266,0.7562037110328674,0.8644381165504456,0.4663020670413971,0.7762036919593811,0.8189052939414978,0
